takt;q1;q2;q2p
0;400.000000;-17.000000;0.000000
1;693.000000;-24.000000;0.000000
2;772.000000;-29.000000;0.000000
3;757.000000;-29.000000;0.000000
4;621.000000;-25.000000;0.000000
5;364.000000;-15.000000;0.000000
6;179.000000;-9.000000;0.000000
7;-6.000000;-2.000000;0.000000
8;-237.000000;8.000000;0.000000
9;-360.000000;13.000000;0.000000
10;-373.000000;14.000000;0.000000
11;-390.000000;15.000000;0.000000
12;-386.000000;15.000000;0.000000
13;-323.000000;12.000000;0.000000
14;-313.000000;12.000000;0.000000
15;-322.000000;13.000000;0.000000
16;-270.000000;11.000000;0.000000
17;-229.000000;9.000000;0.000000
18;-229.000000;9.000000;0.000000
19;-198.000000;8.000000;0.000000
20;-145.000000;5.000000;0.000000
21;-145.000000;5.000000;0.000000
22;-119.000000;5.000000;0.000000
23;-61.000000;2.000000;0.000000
24;-49.000000;1.000000;0.000000
25;-43.000000;1.000000;0.000000
26;-11.000000;0.000000;0.000000
27;-5.000000;0.000000;0.000000
28;-26.000000;0.000000;0.000000
29;-17.000000;0.000000;0.000000
30;-18.000000;0.000000;0.000000
31;-48.000000;1.000000;0.000000
32;-55.000000;1.000000;0.000000
33;-45.000000;1.000000;0.000000
34;-60.000000;1.000000;0.000000
35;-64.000000;2.000000;0.000000
36;-30.000000;1.000000;0.000000
37;-22.000000;0.000000;0.000000
38;-23.000000;0.000000;0.000000
39;9.000000;-1.000000;0.000000
40;26.000000;-1.000000;0.000000
41;27.000000;-1.000000;0.000000
42;49.000000;-2.000000;0.000000
43;62.000000;-3.000000;0.000000
44;49.000000;-3.000000;0.000000
45;45.000000;-3.000000;0.000000
46;51.000000;-3.000000;0.000000
47;35.000000;-3.000000;0.000000
48;18.000000;-2.000000;0.000000
49;22.000000;-2.000000;0.000000
50;12.000000;-2.000000;0.000000
51;3.000000;-1.000000;0.000000
52;13.000000;-1.000000;0.000000
53;17.000000;-1.000000;0.000000
54;15.000000;-1.000000;0.000000
55;24.000000;-1.000000;0.000000
56;34.000000;-2.000000;0.000000
57;37.000000;-2.000000;0.000000
58;45.000000;-2.000000;0.000000
59;57.000000;-3.000000;0.000000
60;52.000000;-3.000000;0.000000
61;51.000000;-3.000000;0.000000
62;54.000000;-3.000000;0.000000
63;43.000000;-3.000000;0.000000
64;35.000000;-3.000000;0.000000
65;34.000000;-2.000000;0.000000
66;29.000000;-2.000000;0.000000
67;15.000000;-2.000000;0.000000
68;15.000000;-2.000000;0.000000
69;13.000000;-2.000000;0.000000
70;4.000000;-1.000000;0.000000
71;13.000000;-1.000000;0.000000
72;26.000000;-1.000000;0.000000
73;26.000000;-1.000000;0.000000
74;32.000000;-1.000000;0.000000
75;43.000000;-2.000000;0.000000
76;39.000000;-2.000000;0.000000
77;34.000000;-2.000000;0.000000
78;35.000000;-2.000000;0.000000
79;26.000000;-2.000000;0.000000
80;12.000000;-2.000000;0.000000
81;12.000000;-2.000000;0.000000
82;5.000000;-2.000000;0.000000
83;0.000000;-1.000000;0.000000
84;3.000000;-1.000000;0.000000
85;5.000000;-1.000000;0.000000
86;2.000000;-1.000000;0.000000
87;7.000000;-1.000000;0.000000
88;11.000000;-1.000000;0.000000
89;10.000000;-1.000000;0.000000
90;14.000000;-1.000000;0.000000
91;12.000000;-1.000000;0.000000
92;7.000000;-1.000000;0.000000
93;8.000000;-1.000000;0.000000
94;6.000000;-1.000000;0.000000
95;5.000000;-1.000000;0.000000
96;6.000000;-1.000000;0.000000
97;5.000000;-1.000000;0.000000
98;3.000000;-1.000000;0.000000
99;5.000000;-1.000000;0.000000
100;2.000000;-1.000000;0.000000
101;2.000000;-1.000000;0.000000
102;1.000000;-1.000000;0.000000
103;-2.000000;-1.000000;0.000000
104;1.000000;-1.000000;0.000000
105;1.000000;-1.000000;0.000000
106;-3.000000;-1.000000;0.000000
107;-3.000000;-1.000000;0.000000
108;-4.000000;-1.000000;0.000000
109;-9.000000;-1.000000;0.000000
110;-8.000000;-1.000000;0.000000
111;-8.000000;-1.000000;0.000000
112;-16.000000;0.000000;0.000000
113;-11.000000;0.000000;0.000000
114;-9.000000;0.000000;0.000000
115;-11.000000;0.000000;0.000000
116;-5.000000;0.000000;0.000000
117;1.000000;0.000000;0.000000
118;-6.000000;-1.000000;0.000000
119;-5.000000;-1.000000;0.000000
120;0.000000;-1.000000;0.000000
121;-10.000000;-1.000000;0.000000
122;-10.000000;-1.000000;0.000000
123;-8.000000;-1.000000;0.000000
124;-15.000000;0.000000;0.000000
125;-10.000000;0.000000;0.000000
126;-2.000000;0.000000;0.000000
127;-2.000000;0.000000;0.000000
128;0.000000;0.000000;0.000000
129;5.000000;-1.000000;0.000000
130;-3.000000;-1.000000;0.000000
131;-5.000000;-1.000000;0.000000
132;-3.000000;-1.000000;0.000000
133;-11.000000;-1.000000;0.000000
134;-14.000000;0.000000;0.000000
135;-3.000000;0.000000;0.000000
136;2.000000;0.000000;0.000000
137;6.000000;0.000000;0.000000
138;13.000000;-1.000000;0.000000
139;13.000000;-1.000000;0.000000
140;9.000000;-1.000000;0.000000
141;9.000000;-1.000000;0.000000
142;9.000000;-1.000000;0.000000
143;2.000000;-1.000000;0.000000
144;-3.000000;-1.000000;0.000000
145;-1.000000;-1.000000;0.000000
146;-3.000000;-1.000000;0.000000
147;-5.000000;-1.000000;0.000000
148;1.000000;-1.000000;0.000000
149;1.000000;-1.000000;0.000000
150;-5.000000;-1.000000;0.000000
151;0.000000;-1.000000;0.000000
152;5.000000;-1.000000;0.000000
153;-1.000000;-1.000000;0.000000
154;0.000000;-1.000000;0.000000
155;4.000000;-1.000000;0.000000
156;-3.000000;-1.000000;0.000000
157;-2.000000;-1.000000;0.000000
158;7.000000;-1.000000;0.000000
159;2.000000;-1.000000;0.000000
160;-2.000000;-1.000000;0.000000
161;3.000000;-1.000000;0.000000
162;-2.000000;-1.000000;0.000000
163;-7.000000;-1.000000;0.000000
164;-3.000000;-1.000000;0.000000
165;-3.000000;-1.000000;0.000000
166;-8.000000;-1.000000;0.000000
167;-2.000000;-1.000000;0.000000
168;2.000000;-1.000000;0.000000
169;-1.000000;-1.000000;0.000000
170;3.000000;-1.000000;0.000000
171;9.000000;-1.000000;0.000000
172;5.000000;-1.000000;0.000000
173;7.000000;-1.000000;0.000000
174;12.000000;-1.000000;0.000000
175;4.000000;-1.000000;0.000000
176;0.000000;-1.000000;0.000000
177;3.000000;-1.000000;0.000000
178;-1.000000;-1.000000;0.000000
179;-2.000000;-1.000000;0.000000
180;2.000000;-1.000000;0.000000
181;1.000000;-1.000000;0.000000
182;-1.000000;-1.000000;0.000000
183;3.000000;-1.000000;0.000000
184;4.000000;-1.000000;0.000000
185;2.000000;-1.000000;0.000000
186;4.000000;-1.000000;0.000000
187;3.000000;-1.000000;0.000000
188;2.000000;-1.000000;0.000000
189;2.000000;-1.000000;0.000000
190;0.000000;-1.000000;0.000000
191;-2.000000;-1.000000;0.000000
192;-4.000000;-1.000000;0.000000
193;-6.000000;-1.000000;0.000000
194;-6.000000;-1.000000;0.000000
195;-5.000000;-1.000000;0.000000
196;-5.000000;-1.000000;0.000000
197;-3.000000;-1.000000;0.000000
198;-4.000000;-1.000000;0.000000
199;-5.000000;-1.000000;0.000000
200;-2.000000;-1.000000;0.000000
201;-3.000000;-1.000000;0.000000
202;-4.000000;-1.000000;0.000000
203;1.000000;-1.000000;0.000000
204;-1.000000;-1.000000;0.000000
205;-3.000000;-1.000000;0.000000
206;1.000000;-1.000000;0.000000
207;-2.000000;-1.000000;0.000000
208;-4.000000;-1.000000;0.000000
209;2.000000;-1.000000;0.000000
210;0.000000;-1.000000;0.000000
211;-4.000000;-1.000000;0.000000
212;3.000000;-1.000000;0.000000
213;2.000000;-1.000000;0.000000
214;-3.000000;-1.000000;0.000000
215;3.000000;-1.000000;0.000000
216;0.000000;-1.000000;0.000000
217;-7.000000;-1.000000;0.000000
218;0.000000;-1.000000;0.000000
219;-2.000000;-1.000000;0.000000
220;-10.000000;-1.000000;0.000000
221;-5.000000;-1.000000;0.000000
222;-5.000000;-1.000000;0.000000
223;-9.000000;-1.000000;0.000000
224;-2.000000;-1.000000;0.000000
225;-1.000000;-1.000000;0.000000
226;-6.000000;-1.000000;0.000000
227;-1.000000;-1.000000;0.000000
228;0.000000;-1.000000;0.000000
229;-3.000000;-1.000000;0.000000
230;-1.000000;-1.000000;0.000000
231;-2.000000;-1.000000;0.000000
232;-4.000000;-1.000000;0.000000
233;1.000000;-1.000000;0.000000
234;0.000000;-1.000000;0.000000
235;1.000000;-1.000000;0.000000
236;5.000000;-1.000000;0.000000
237;1.000000;-1.000000;0.000000
238;4.000000;-1.000000;0.000000
239;7.000000;-1.000000;0.000000
240;3.000000;-1.000000;0.000000
241;6.000000;-1.000000;0.000000
242;10.000000;-1.000000;0.000000
243;4.000000;-1.000000;0.000000
244;8.000000;-1.000000;0.000000
245;11.000000;-1.000000;0.000000
246;5.000000;-1.000000;0.000000
247;6.000000;-1.000000;0.000000
248;11.000000;-1.000000;0.000000
249;5.000000;-1.000000;0.000000
250;6.000000;-1.000000;0.000000
251;13.000000;-1.000000;0.000000
252;5.000000;-1.000000;0.000000
253;4.000000;-1.000000;0.000000
254;11.000000;-1.000000;0.000000
255;3.000000;-1.000000;0.000000
256;0.000000;-1.000000;0.000000
257;6.000000;-1.000000;0.000000
258;0.000000;-1.000000;0.000000
259;-3.000000;-1.000000;0.000000
260;4.000000;-1.000000;0.000000
261;0.000000;-1.000000;0.000000
262;-3.000000;-1.000000;0.000000
263;3.000000;-1.000000;0.000000
264;2.000000;-1.000000;0.000000
265;0.000000;-1.000000;0.000000
266;4.000000;-1.000000;0.000000
267;1.000000;-1.000000;0.000000
268;-4.000000;-1.000000;0.000000
269;-1.000000;-1.000000;0.000000
270;-2.000000;-1.000000;0.000000
271;-4.000000;-1.000000;0.000000
272;-1.000000;-1.000000;0.000000
273;-3.000000;-1.000000;0.000000
274;-2.000000;-1.000000;0.000000
275;-2.000000;-1.000000;0.000000
276;-3.000000;-1.000000;0.000000
277;-3.000000;-1.000000;0.000000
278;-5.000000;-1.000000;0.000000
279;-5.000000;-1.000000;0.000000
280;-4.000000;-1.000000;0.000000
281;-4.000000;-1.000000;0.000000
282;-5.000000;-1.000000;0.000000
283;-4.000000;-1.000000;0.000000
284;-5.000000;-1.000000;0.000000
285;-6.000000;-1.000000;0.000000
286;-3.000000;-1.000000;0.000000
287;-5.000000;-1.000000;0.000000
288;-4.000000;-1.000000;0.000000
289;-2.000000;-1.000000;0.000000
290;-4.000000;-1.000000;0.398428
291;0.000000;-1.000000;574.672180
292;-1.000000;-1.000000;1148.945923
293;-9.000000;-1.000000;1723.219727
294;-20.000000;0.000000;2297.493408
295;-47.000000;1.000000;2871.767334
296;-98.000000;3.000000;3446.041016
297;-161.000000;6.000000;4020.314941
298;-251.000000;10.000000;4594.588379
299;-374.000000;15.000000;5168.862305
300;-520.000000;21.000000;5743.136230
301;-694.000000;28.000000;6317.409668
302;-901.000000;37.000000;6891.683594
303;-1134.000000;47.000000;7465.957520
304;-1401.000000;58.000000;8040.231445
305;-1699.000000;70.000000;8614.504883
306;-2025.000000;83.000000;9188.778320
307;-2383.000000;98.000000;9763.051758
308;-2771.000000;114.000000;10337.326172
309;-3184.000000;130.000000;10911.599609
310;-3617.000000;148.000000;11485.874023
311;-4071.000000;166.000000;12060.148438
312;-4533.000000;185.000000;12634.420898
313;-5008.000000;205.000000;13208.695312
314;-5487.000000;224.000000;13782.968750
315;-5968.000000;244.000000;14357.242188
316;-6448.000000;264.000000;14931.516602
317;-6927.000000;284.000000;15505.790039
318;-7417.000000;304.000000;15915.494141
319;-7917.000000;324.000000;15915.494141
320;-8429.000000;345.000000;15915.494141
321;-8947.000000;366.000000;15915.494141
322;-9469.000000;388.000000;15915.494141
323;-9988.000000;409.000000;15915.494141
324;-10504.000000;430.000000;15915.494141
325;-11009.000000;450.000000;15915.494141
326;-11476.000000;469.000000;15915.494141
327;-11908.000000;487.000000;15915.494141
328;-12308.000000;504.000000;15915.494141
329;-12673.000000;518.000000;15915.494141
330;-13010.000000;532.000000;15915.494141
331;-13327.000000;545.000000;15915.494141
332;-13624.000000;557.000000;15915.494141
333;-13896.000000;568.000000;15915.494141
334;-14157.000000;579.000000;15915.494141
335;-14409.000000;589.000000;15915.494141
336;-14631.000000;598.000000;15915.494141
337;-14833.000000;606.000000;15915.494141
338;-15020.000000;614.000000;15915.494141
339;-15185.000000;621.000000;15915.494141
340;-15330.000000;627.000000;15915.494141
341;-15466.000000;632.000000;15915.494141
342;-15591.000000;638.000000;15915.494141
343;-15697.000000;642.000000;15915.494141
344;-15794.000000;646.000000;15915.494141
345;-15884.000000;650.000000;15915.494141
346;-15955.000000;653.000000;15915.494141
347;-16020.000000;655.000000;15915.494141
348;-16078.000000;658.000000;15915.494141
349;-16116.000000;659.000000;15915.494141
350;-16141.000000;661.000000;15915.494141
351;-16169.000000;662.000000;15915.494141
352;-16182.000000;662.000000;15915.494141
353;-16190.000000;663.000000;15915.494141
354;-16193.000000;663.000000;15915.494141
355;-16191.000000;663.000000;15915.494141
356;-16193.000000;663.000000;15915.494141
357;-16196.000000;663.000000;15915.494141
358;-16197.000000;663.000000;15915.494141
359;-16200.000000;663.000000;15915.494141
360;-16200.000000;663.000000;15915.494141
361;-16196.000000;663.000000;15915.494141
362;-16201.000000;663.000000;15915.494141
363;-16199.000000;663.000000;15915.494141
364;-16191.000000;663.000000;15915.494141
365;-16196.000000;663.000000;15915.494141
366;-16194.000000;663.000000;15915.494141
367;-16191.000000;663.000000;15915.494141
368;-16198.000000;663.000000;15915.494141
369;-16189.000000;663.000000;15915.494141
370;-16176.000000;663.000000;15915.494141
371;-16174.000000;663.000000;15915.494141
372;-16162.000000;662.000000;15915.494141
373;-16148.000000;662.000000;15915.494141
374;-16143.000000;661.000000;15915.494141
375;-16136.000000;661.000000;15915.494141
376;-16120.000000;660.000000;15915.494141
377;-16118.000000;660.000000;15915.494141
378;-16112.000000;660.000000;15915.494141
379;-16090.000000;659.000000;15915.494141
380;-16082.000000;659.000000;15915.494141
381;-16078.000000;658.000000;15915.494141
382;-16062.000000;658.000000;15915.494141
383;-16054.000000;657.000000;15915.494141
384;-16051.000000;657.000000;15915.494141
385;-16032.000000;657.000000;15915.494141
386;-16019.000000;656.000000;15915.494141
387;-16011.000000;656.000000;15915.494141
388;-15992.000000;655.000000;15915.494141
389;-15977.000000;654.000000;15915.494141
390;-15972.000000;654.000000;15915.494141
391;-15955.000000;653.000000;15915.494141
392;-15948.000000;653.000000;15915.494141
393;-15945.000000;653.000000;15915.494141
394;-15934.000000;653.000000;15915.494141
395;-15935.000000;652.000000;15915.494141
396;-15930.000000;652.000000;15915.494141
397;-15925.000000;652.000000;15915.494141
398;-15924.000000;652.000000;15915.494141
399;-15922.000000;652.000000;15915.494141
400;-15918.000000;652.000000;15915.494141
401;-15916.000000;651.000000;15915.494141
402;-15916.000000;651.000000;15915.494141
403;-15909.000000;651.000000;15915.494141
404;-15908.000000;651.000000;15915.494141
405;-15904.000000;651.000000;15915.494141
406;-15896.000000;651.000000;15915.494141
407;-15894.000000;651.000000;15915.494141
408;-15890.000000;651.000000;15915.494141
409;-15888.000000;650.000000;15915.494141
410;-15888.000000;650.000000;15915.494141
411;-15886.000000;650.000000;15915.494141
412;-15886.000000;650.000000;15915.494141
413;-15885.000000;650.000000;15915.494141
414;-15884.000000;650.000000;15915.494141
415;-15886.000000;650.000000;15915.494141
416;-15885.000000;650.000000;15915.494141
417;-15882.000000;650.000000;15915.494141
418;-15881.000000;650.000000;15915.494141
419;-15879.000000;650.000000;15915.494141
420;-15879.000000;650.000000;15915.494141
421;-15877.000000;650.000000;15915.494141
422;-15876.000000;650.000000;15915.494141
423;-15875.000000;650.000000;15915.494141
424;-15874.000000;650.000000;15915.494141
425;-15875.000000;650.000000;15915.494141
426;-15875.000000;650.000000;15915.494141
427;-15874.000000;650.000000;15915.494141
428;-15875.000000;650.000000;15915.494141
429;-15875.000000;650.000000;15915.494141
430;-15874.000000;650.000000;15915.494141
431;-15873.000000;650.000000;15915.494141
432;-15873.000000;650.000000;15915.494141
433;-15870.000000;650.000000;15915.494141
434;-15870.000000;650.000000;15915.494141
435;-15870.000000;650.000000;15915.494141
436;-15867.000000;650.000000;15915.494141
437;-15868.000000;650.000000;15915.494141
438;-15867.000000;650.000000;15915.494141
439;-15863.000000;649.000000;15915.494141
440;-15869.000000;649.000000;15915.494141
441;-15869.000000;649.000000;15915.494141
442;-15869.000000;649.000000;15915.494141
443;-15875.000000;649.000000;15915.494141
444;-15872.000000;649.000000;15915.494141
445;-15871.000000;649.000000;15915.494141
446;-15875.000000;649.000000;15915.494141
447;-15871.000000;649.000000;15915.494141
448;-15874.000000;649.000000;15915.494141
449;-15880.000000;649.000000;15915.494141
450;-15880.000000;649.000000;15915.494141
451;-15884.000000;649.000000;15915.494141
452;-15885.000000;650.000000;15915.494141
453;-15886.000000;650.000000;15915.494141
454;-15890.000000;650.000000;15915.494141
455;-15894.000000;650.000000;15915.494141
456;-15893.000000;650.000000;15915.494141
457;-15893.000000;650.000000;15915.494141
458;-15899.000000;650.000000;15915.494141
459;-15899.000000;650.000000;15915.494141
460;-15905.000000;650.000000;15915.494141
461;-15904.000000;651.000000;15915.494141
462;-15902.000000;651.000000;15915.494141
463;-15905.000000;651.000000;15915.494141
464;-15907.000000;651.000000;15915.494141
465;-15908.000000;651.000000;15915.494141
466;-15912.000000;651.000000;15915.494141
467;-15914.000000;651.000000;15915.494141
468;-15914.000000;651.000000;15915.494141
469;-15920.000000;651.000000;15915.494141
470;-15926.000000;652.000000;15915.494141
471;-15919.000000;652.000000;15915.494141
472;-15921.000000;652.000000;15915.494141
473;-15927.000000;652.000000;15915.494141
474;-15923.000000;652.000000;15915.494141
475;-15928.000000;652.000000;15915.494141
476;-15932.000000;652.000000;15915.494141
477;-15927.000000;652.000000;15915.494141
478;-15930.000000;652.000000;15915.494141
479;-15935.000000;652.000000;15915.494141
480;-15930.000000;652.000000;15915.494141
481;-15931.000000;652.000000;15915.494141
482;-15934.000000;652.000000;15915.494141
483;-15929.000000;652.000000;15915.494141
484;-15932.000000;652.000000;15915.494141
485;-15935.000000;652.000000;15915.494141
486;-15929.000000;652.000000;15915.494141
487;-15931.000000;652.000000;15915.494141
488;-15932.000000;652.000000;15915.494141
489;-15928.000000;652.000000;15915.494141
490;-15930.000000;652.000000;15915.494141
491;-15931.000000;652.000000;15915.494141
492;-15927.000000;652.000000;15915.494141
493;-15928.000000;652.000000;15915.494141
494;-15930.000000;652.000000;15915.494141
495;-15927.000000;652.000000;15915.494141
496;-15927.000000;652.000000;15915.494141
497;-15928.000000;652.000000;15915.494141
498;-15925.000000;652.000000;15915.494141
499;-15925.000000;652.000000;15915.494141
500;-15925.000000;652.000000;15915.494141
501;-15924.000000;652.000000;15915.494141
502;-15924.000000;652.000000;15915.494141
503;-15924.000000;652.000000;15915.494141
504;-15924.000000;652.000000;15915.494141
505;-15924.000000;652.000000;15915.494141
506;-15924.000000;652.000000;15915.494141
507;-15923.000000;652.000000;15915.494141
508;-15923.000000;652.000000;15915.494141
509;-15923.000000;652.000000;15915.494141
510;-15921.000000;652.000000;15915.494141
511;-15923.000000;652.000000;15915.494141
512;-15922.000000;652.000000;15915.494141
513;-15919.000000;652.000000;15915.494141
514;-15920.000000;652.000000;15915.494141
515;-15919.000000;652.000000;15915.494141
516;-15918.000000;652.000000;15915.494141
517;-15918.000000;652.000000;15915.494141
518;-15919.000000;652.000000;15915.494141
519;-15919.000000;652.000000;15915.494141
520;-15919.000000;652.000000;15915.494141
521;-15919.000000;652.000000;15915.494141
522;-15918.000000;652.000000;15915.494141
523;-15918.000000;652.000000;15915.494141
524;-15918.000000;652.000000;15915.494141
525;-15917.000000;652.000000;15915.494141
526;-15918.000000;652.000000;15915.494141
527;-15916.000000;652.000000;15915.494141
528;-15917.000000;652.000000;15915.494141
529;-15917.000000;652.000000;15915.494141
530;-15916.000000;652.000000;15915.494141
531;-15917.000000;652.000000;15915.494141
532;-15916.000000;652.000000;15915.494141
533;-15916.000000;652.000000;15915.494141
534;-15917.000000;652.000000;15915.494141
535;-15916.000000;652.000000;15915.494141
536;-15915.000000;652.000000;15915.494141
537;-15915.000000;652.000000;15915.494141
538;-15914.000000;652.000000;15915.494141
539;-15914.000000;652.000000;15915.494141
540;-15914.000000;652.000000;15915.494141
541;-15913.000000;652.000000;15915.494141
542;-15914.000000;652.000000;15915.494141
543;-15913.000000;652.000000;15915.494141
544;-15916.000000;651.000000;15915.494141
545;-15917.000000;651.000000;15915.494141
546;-15913.000000;651.000000;15915.494141
547;-15916.000000;651.000000;15915.494141
548;-15912.000000;651.000000;15915.494141
549;-15909.000000;651.000000;15915.494141
550;-15912.000000;651.000000;15915.494141
551;-15909.000000;651.000000;15915.494141
552;-15905.000000;651.000000;15915.494141
553;-15909.000000;651.000000;15915.494141
554;-15906.000000;651.000000;15915.494141
555;-15905.000000;651.000000;15915.494141
556;-15908.000000;651.000000;15915.494141
557;-15905.000000;651.000000;15915.494141
558;-15904.000000;651.000000;15915.494141
559;-15907.000000;651.000000;15915.494141
560;-15906.000000;651.000000;15915.494141
561;-15903.000000;651.000000;15915.494141
562;-15904.000000;651.000000;15915.494141
563;-15904.000000;651.000000;15915.494141
564;-15901.000000;651.000000;15915.494141
565;-15905.000000;651.000000;15915.494141
566;-15904.000000;651.000000;15915.494141
567;-15901.000000;651.000000;15915.494141
568;-15904.000000;651.000000;15915.494141
569;-15904.000000;651.000000;15915.494141
570;-15899.000000;651.000000;15915.494141
571;-15901.000000;651.000000;15915.494141
572;-15900.000000;651.000000;15915.494141
573;-15897.000000;651.000000;15915.494141
574;-15903.000000;651.000000;15915.494141
575;-15900.000000;651.000000;15915.494141
576;-15898.000000;651.000000;15915.494141
577;-15904.000000;651.000000;15915.494141
578;-15899.000000;651.000000;15915.494141
579;-15898.000000;651.000000;15915.494141
580;-15903.000000;651.000000;15915.494141
581;-15898.000000;651.000000;15915.494141
582;-15897.000000;651.000000;15915.494141
583;-15902.000000;651.000000;15915.494141
584;-15897.000000;651.000000;15915.494141
585;-15897.000000;651.000000;15915.494141
586;-15904.000000;651.000000;15915.494141
587;-15898.000000;651.000000;15915.494141
588;-15899.000000;651.000000;15915.494141
589;-15906.000000;651.000000;15915.494141
590;-15900.000000;651.000000;15915.494141
591;-15901.000000;651.000000;15915.494141
592;-15908.000000;651.000000;15915.494141
593;-15902.000000;651.000000;15915.494141
594;-15905.000000;651.000000;15915.494141
595;-15916.000000;651.000000;15915.494141
596;-15913.000000;651.000000;15915.494141
597;-15913.000000;651.000000;15915.494141
598;-15920.000000;651.000000;15915.494141
599;-15914.000000;651.000000;15915.494141
600;-15914.000000;651.000000;15915.494141
601;-15924.000000;651.000000;15915.494141
602;-15919.000000;651.000000;15915.494141
603;-15919.000000;651.000000;15915.494141
604;-15928.000000;652.000000;15915.494141
605;-15921.000000;652.000000;15915.494141
606;-15919.000000;652.000000;15915.494141
607;-15927.000000;652.000000;15915.494141
608;-15921.000000;652.000000;15915.494141
609;-15918.000000;652.000000;15915.494141
610;-15925.000000;652.000000;15915.494141
611;-15922.000000;652.000000;15915.494141
612;-15921.000000;652.000000;15915.494141
613;-15927.000000;652.000000;15915.494141
614;-15925.000000;652.000000;15915.494141
615;-15923.000000;652.000000;15915.494141
616;-15929.000000;652.000000;15915.494141
617;-15927.000000;652.000000;15915.494141
618;-15926.000000;652.000000;15915.494141
619;-15928.000000;652.000000;15915.494141
620;-15924.000000;652.000000;15915.494141
621;-15924.000000;652.000000;15915.494141
622;-15927.000000;652.000000;15915.494141
623;-15925.000000;652.000000;15915.494141
624;-15924.000000;652.000000;15915.494141
625;-15924.000000;652.000000;15915.494141
626;-15923.000000;652.000000;15915.494141
627;-15924.000000;652.000000;15915.494141
628;-15924.000000;652.000000;15915.494141
629;-15921.000000;652.000000;15915.494141
630;-15922.000000;652.000000;15915.494141
631;-15923.000000;652.000000;15915.494141
632;-15920.000000;652.000000;15915.494141
633;-15922.000000;652.000000;15915.494141
634;-15921.000000;652.000000;15915.494141
635;-15918.000000;652.000000;15915.494141
636;-15921.000000;652.000000;15915.494141
637;-15921.000000;652.000000;15915.494141
638;-15917.000000;652.000000;15915.494141
639;-15918.000000;652.000000;15915.494141
640;-15918.000000;652.000000;15915.494141
641;-15916.000000;652.000000;15915.494141
642;-15919.000000;652.000000;15915.494141
643;-15919.000000;652.000000;15915.494141
644;-15915.000000;652.000000;15915.494141
645;-15918.000000;652.000000;15915.494141
646;-15917.000000;652.000000;15915.494141
647;-15914.000000;652.000000;15915.494141
648;-15917.000000;652.000000;15915.494141
649;-15916.000000;652.000000;15915.494141
650;-15915.000000;652.000000;15915.494141
651;-15917.000000;652.000000;15915.494141
652;-15916.000000;652.000000;15915.494141
653;-15914.000000;652.000000;15915.494141
654;-15914.000000;652.000000;15915.494141
655;-15915.000000;652.000000;15915.494141
656;-15916.000000;652.000000;15915.494141
657;-15916.000000;652.000000;15915.494141
658;-15916.000000;652.000000;15915.494141
659;-15915.000000;652.000000;15915.494141
660;-15914.000000;652.000000;15915.494141
661;-15914.000000;652.000000;15915.494141
662;-15914.000000;652.000000;15915.494141
663;-15914.000000;652.000000;15915.494141
664;-15914.000000;652.000000;15915.494141
665;-15915.000000;652.000000;15915.494141
666;-15916.000000;652.000000;15915.494141
667;-15913.000000;652.000000;15915.494141
668;-15913.000000;652.000000;15915.494141
669;-15912.000000;652.000000;15915.494141
670;-15911.000000;652.000000;15915.494141
671;-15913.000000;652.000000;15915.494141
672;-15913.000000;652.000000;15915.494141
673;-15913.000000;652.000000;15915.494141
674;-15912.000000;652.000000;15915.494141
675;-15912.000000;651.000000;15915.494141
676;-15918.000000;651.000000;15915.494141
677;-15916.000000;651.000000;15915.494141
678;-15916.000000;651.000000;15915.494141
679;-15918.000000;651.000000;15915.494141
680;-15913.000000;651.000000;15915.494141
681;-15916.000000;651.000000;15915.494141
682;-15918.000000;651.000000;15915.494141
683;-15912.000000;651.000000;15915.494141
684;-15916.000000;651.000000;15915.494141
685;-15919.000000;651.000000;15915.494141
686;-15914.000000;651.000000;15915.494141
687;-15917.000000;651.000000;15915.494141
688;-15919.000000;651.000000;15915.494141
689;-15912.000000;651.000000;15915.494141
690;-15918.000000;651.000000;15915.494141
691;-15923.000000;651.000000;15915.494141
692;-15916.000000;651.000000;15915.494141
693;-15920.000000;651.000000;15915.494141
694;-15925.000000;651.000000;15915.494141
695;-15916.000000;651.000000;15915.494141
696;-15919.000000;651.000000;15915.494141
697;-15922.000000;651.000000;15915.494141
698;-15911.000000;651.000000;15915.494141
699;-15915.000000;651.000000;15915.494141
700;-15923.000000;651.000000;15915.494141
701;-15916.000000;651.000000;15915.494141
702;-15921.000000;651.000000;15915.494141
703;-15926.000000;651.000000;15915.494141
704;-15917.000000;651.000000;15915.494141
705;-15921.000000;651.000000;15915.494141
706;-15925.000000;652.000000;15915.494141
707;-15911.000000;652.000000;15915.494141
708;-15913.000000;652.000000;15915.494141
709;-15918.000000;652.000000;15915.494141
710;-15909.000000;652.000000;15915.494141
711;-15917.000000;652.000000;15915.494141
712;-15922.000000;652.000000;15915.494141
713;-15916.000000;652.000000;15915.494141
714;-15920.000000;652.000000;15915.494141
715;-15925.000000;652.000000;15915.494141
716;-15919.000000;652.000000;15915.494141
717;-15919.000000;652.000000;15915.494141
718;-15921.000000;652.000000;15915.494141
719;-15914.000000;652.000000;15915.494141
720;-15917.000000;652.000000;15915.494141
721;-15920.000000;652.000000;15915.494141
722;-15914.000000;652.000000;15915.494141
723;-15917.000000;652.000000;15915.494141
724;-15917.000000;652.000000;15915.494141
725;-15913.000000;652.000000;15915.494141
726;-15917.000000;652.000000;15915.494141
727;-15916.000000;652.000000;15915.494141
728;-15912.000000;652.000000;15915.494141
729;-15915.000000;652.000000;15915.494141
730;-15914.000000;652.000000;15915.494141
731;-15910.000000;652.000000;15915.494141
732;-15915.000000;652.000000;15915.494141
733;-15912.000000;652.000000;15915.494141
734;-15911.000000;652.000000;15915.494141
735;-15915.000000;652.000000;15915.494141
736;-15912.000000;652.000000;15915.494141
737;-15912.000000;652.000000;15915.494141
738;-15914.000000;652.000000;15915.494141
739;-15909.000000;652.000000;15915.494141
740;-15915.000000;651.000000;15915.494141
741;-15917.000000;651.000000;15915.494141
742;-15913.000000;651.000000;15915.494141
743;-15917.000000;651.000000;15915.494141
744;-15915.000000;651.000000;15915.494141
745;-15912.000000;651.000000;15915.494141
746;-15917.000000;651.000000;15915.494141
747;-15916.000000;651.000000;15915.494141
748;-15912.000000;651.000000;15915.494141
749;-15915.000000;651.000000;15915.494141
750;-15916.000000;651.000000;15915.494141
751;-15912.000000;651.000000;15915.494141
752;-15916.000000;651.000000;15915.494141
753;-15914.000000;651.000000;15915.494141
754;-15911.000000;651.000000;15915.494141
755;-15918.000000;651.000000;15915.494141
756;-15916.000000;651.000000;15915.494141
757;-15915.000000;651.000000;15915.494141
758;-15917.000000;651.000000;15915.494141
759;-15915.000000;651.000000;15915.494141
760;-15912.000000;651.000000;15915.494141
761;-15916.000000;651.000000;15915.494141
762;-15915.000000;651.000000;15915.494141
763;-15912.000000;651.000000;15915.494141
764;-15917.000000;651.000000;15915.494141
765;-15917.000000;651.000000;15915.494141
766;-15912.000000;651.000000;15915.494141
767;-15919.000000;651.000000;15915.494141
768;-15919.000000;651.000000;15915.494141
769;-15914.000000;651.000000;15915.494141
770;-15923.000000;651.000000;15915.494141
771;-15922.000000;651.000000;15915.494141
772;-15919.000000;651.000000;15915.494141
773;-15925.000000;651.000000;15915.494141
774;-15923.000000;651.000000;15915.494141
775;-15919.000000;651.000000;15915.494141
776;-15924.000000;651.000000;15915.494141
777;-15924.000000;651.000000;15915.494141
778;-15918.000000;651.000000;15915.494141
779;-15923.000000;651.000000;15915.494141
780;-15922.000000;651.000000;15915.494141
781;-15919.000000;651.000000;15915.494141
782;-15923.000000;651.000000;15915.494141
783;-15922.000000;651.000000;15915.494141
784;-15918.000000;651.000000;15915.494141
785;-15923.000000;651.000000;15915.494141
786;-15922.000000;651.000000;15915.494141
787;-15920.000000;651.000000;15915.494141
788;-15923.000000;651.000000;15915.494141
789;-15920.000000;651.000000;15915.494141
790;-15921.000000;651.000000;15915.494141
791;-15922.000000;651.000000;15915.494141
792;-15918.000000;651.000000;15915.494141
793;-15920.000000;651.000000;15915.494141
794;-15920.000000;651.000000;15915.494141
795;-15918.000000;651.000000;15915.494141
796;-15920.000000;651.000000;15915.494141
797;-15920.000000;651.000000;15915.494141
798;-15918.000000;651.000000;15915.494141
799;-15918.000000;651.000000;15915.494141
800;-15919.000000;651.000000;15915.494141
801;-15917.000000;651.000000;15915.494141
802;-15919.000000;651.000000;15915.494141
803;-15920.000000;651.000000;15915.494141
804;-15917.000000;651.000000;15915.494141
805;-15919.000000;651.000000;15915.494141
806;-15918.000000;651.000000;15915.494141
807;-15917.000000;651.000000;15915.494141
808;-15918.000000;651.000000;15915.494141
809;-15918.000000;651.000000;15915.494141
810;-15918.000000;651.000000;15915.494141
811;-15918.000000;651.000000;15915.494141
812;-15917.000000;651.000000;15915.494141
813;-15917.000000;651.000000;15915.494141
814;-15915.000000;651.000000;15915.494141
815;-15916.000000;651.000000;15915.494141
816;-15920.000000;651.000000;15915.494141
817;-15916.000000;651.000000;15915.494141
818;-15917.000000;651.000000;15915.494141
819;-15920.000000;651.000000;15915.494141
820;-15912.000000;651.000000;15915.494141
821;-15914.000000;651.000000;15915.494141
822;-15916.000000;651.000000;15915.494141
823;-15908.000000;651.000000;15915.494141
824;-15912.000000;651.000000;15915.494141
825;-15916.000000;651.000000;15915.494141
826;-15909.000000;651.000000;15915.494141
827;-15912.000000;651.000000;15915.494141
828;-15914.000000;651.000000;15915.494141
829;-15907.000000;651.000000;15915.494141
830;-15912.000000;651.000000;15915.494141
831;-15914.000000;651.000000;15915.494141
832;-15906.000000;651.000000;15915.494141
833;-15911.000000;651.000000;15915.494141
834;-15914.000000;651.000000;15915.494141
835;-15907.000000;651.000000;15915.494141
836;-15912.000000;651.000000;15915.494141
837;-15913.000000;651.000000;15915.494141
838;-15906.000000;651.000000;15915.494141
839;-15911.000000;651.000000;15915.494141
840;-15913.000000;651.000000;15915.494141
841;-15907.000000;651.000000;15915.494141
842;-15912.000000;651.000000;15915.494141
843;-15914.000000;651.000000;15915.494141
844;-15907.000000;651.000000;15915.494141
845;-15913.000000;651.000000;15915.494141
846;-15915.000000;651.000000;15915.494141
847;-15905.000000;651.000000;15915.494141
848;-15912.000000;651.000000;15915.494141
849;-15915.000000;651.000000;15915.494141
850;-15906.000000;651.000000;15915.494141
851;-15912.000000;651.000000;15915.494141
852;-15917.000000;651.000000;15915.494141
853;-15906.000000;651.000000;15915.494141
854;-15911.000000;651.000000;15915.494141
855;-15916.000000;651.000000;15915.494141
856;-15905.000000;651.000000;15915.494141
857;-15910.000000;651.000000;15915.494141
858;-15913.000000;651.000000;15915.494141
859;-15904.000000;651.000000;15915.494141
860;-15909.000000;651.000000;15915.494141
861;-15914.000000;651.000000;15915.494141
862;-15906.000000;651.000000;15915.494141
863;-15911.000000;651.000000;15915.494141
864;-15914.000000;651.000000;15915.494141
865;-15905.000000;651.000000;15915.494141
866;-15911.000000;651.000000;15915.494141
867;-15913.000000;651.000000;15915.494141
868;-15905.000000;651.000000;15915.494141
869;-15910.000000;651.000000;15915.494141
870;-15911.000000;651.000000;15915.494141
871;-15905.000000;651.000000;15915.494141
872;-15912.000000;651.000000;15915.494141
873;-15913.000000;651.000000;15915.494141
874;-15906.000000;651.000000;15915.494141
875;-15914.000000;651.000000;15915.494141
876;-15913.000000;651.000000;15915.494141
877;-15910.000000;651.000000;15915.494141
878;-15916.000000;651.000000;15915.494141
879;-15913.000000;651.000000;15915.494141
880;-15909.000000;651.000000;15915.494141
881;-15916.000000;651.000000;15915.494141
882;-15916.000000;651.000000;15915.494141
883;-15910.000000;651.000000;15915.494141
884;-15919.000000;651.000000;15915.494141
885;-15917.000000;651.000000;15915.494141
886;-15913.000000;651.000000;15915.494141
887;-15921.000000;651.000000;15915.494141
888;-15919.000000;651.000000;15915.494141
889;-15915.000000;651.000000;15915.494141
890;-15920.000000;651.000000;15915.494141
891;-15920.000000;651.000000;15915.494141
892;-15917.000000;651.000000;15915.494141
893;-15921.000000;651.000000;15915.494141
894;-15920.000000;651.000000;15915.494141
895;-15918.000000;651.000000;15915.494141
896;-15924.000000;651.000000;15915.494141
897;-15923.000000;651.000000;15915.494141
898;-15922.000000;651.000000;15915.494141
899;-15925.000000;651.000000;15915.494141
900;-15922.000000;651.000000;15915.494141
901;-15921.000000;651.000000;15915.494141
902;-15926.000000;651.000000;15915.494141
903;-15922.000000;651.000000;15915.494141
904;-15923.000000;651.000000;15915.494141
905;-15926.000000;652.000000;15915.494141
906;-15917.000000;652.000000;15915.494141
907;-15917.000000;652.000000;15915.494141
908;-15918.000000;652.000000;15915.494141
909;-15911.000000;652.000000;15915.494141
910;-15917.000000;652.000000;15915.494141
911;-15920.000000;652.000000;15915.494141
912;-15918.000000;652.000000;15915.494141
913;-15922.000000;652.000000;15915.494141
914;-15922.000000;652.000000;15915.494141
915;-15919.000000;652.000000;15915.494141
916;-15919.000000;652.000000;15915.494141
917;-15920.000000;652.000000;15915.494141
918;-15918.000000;652.000000;15915.494141
919;-15920.000000;652.000000;15915.494141
920;-15921.000000;652.000000;15915.494141
921;-15919.000000;652.000000;15915.494141
922;-15919.000000;652.000000;15915.494141
923;-15919.000000;652.000000;15915.494141
924;-15918.000000;652.000000;15915.494141
925;-15918.000000;652.000000;15915.494141
926;-15919.000000;652.000000;15915.494141
927;-15919.000000;652.000000;15915.494141
928;-15919.000000;652.000000;15915.494141
929;-15919.000000;652.000000;15915.494141
930;-15919.000000;652.000000;15915.494141
931;-15917.000000;652.000000;15915.494141
932;-15917.000000;652.000000;15915.494141
933;-15917.000000;652.000000;15915.494141
934;-15916.000000;652.000000;15915.494141
935;-15917.000000;652.000000;15915.494141
936;-15918.000000;652.000000;15915.494141
937;-15915.000000;652.000000;15915.494141
938;-15917.000000;652.000000;15915.494141
939;-15916.000000;652.000000;15915.494141
940;-15913.000000;652.000000;15915.494141
941;-15915.000000;652.000000;15915.494141
942;-15913.000000;652.000000;15915.494141
943;-15911.000000;651.000000;15915.494141
944;-15920.000000;651.000000;15915.494141
945;-15919.000000;651.000000;15915.494141
946;-15918.000000;651.000000;15915.494141
947;-15923.000000;651.000000;15915.494141
948;-15917.000000;651.000000;15915.494141
949;-15915.000000;651.000000;15915.494141
950;-15920.000000;651.000000;15915.494141
951;-15913.000000;651.000000;15915.494141
952;-15911.000000;651.000000;15915.494141
953;-15920.000000;651.000000;15915.494141
954;-15920.000000;651.000000;15915.494141
955;-15918.000000;651.000000;15915.494141
956;-15924.000000;651.000000;15915.494141
957;-15919.000000;651.000000;15915.494141
958;-15915.000000;651.000000;15915.494141
959;-15921.000000;651.000000;15915.494141
960;-15915.000000;651.000000;15915.494141
961;-15913.000000;651.000000;15915.494141
962;-15918.000000;651.000000;15915.494141
963;-15915.000000;651.000000;15915.494141
964;-15915.000000;651.000000;15915.494141
965;-15921.000000;651.000000;15915.494141
966;-15917.000000;651.000000;15915.494141
967;-15915.000000;651.000000;15915.494141
968;-15922.000000;651.000000;15915.494141
969;-15918.000000;651.000000;15915.494141
970;-15917.000000;651.000000;15915.494141
971;-15922.000000;651.000000;15915.494141
972;-15916.000000;651.000000;15915.494141
973;-15916.000000;651.000000;15915.494141
974;-15919.000000;651.000000;15915.494141
975;-15914.000000;651.000000;15915.494141
976;-15916.000000;651.000000;15915.494141
977;-15918.000000;651.000000;15915.494141
978;-15914.000000;651.000000;15915.494141
979;-15918.000000;651.000000;15915.494141
980;-15920.000000;651.000000;15915.494141
981;-15914.000000;651.000000;15915.494141
982;-15916.000000;651.000000;15915.494141
983;-15918.000000;651.000000;15915.494141
984;-15912.000000;651.000000;15915.494141
985;-15916.000000;651.000000;15915.494141
986;-15917.000000;651.000000;15915.494141
987;-15910.000000;651.000000;15915.494141
988;-15915.000000;651.000000;15915.494141
989;-15916.000000;651.000000;15915.494141
990;-15908.000000;651.000000;15915.494141
991;-15914.000000;651.000000;15915.494141
992;-15917.000000;651.000000;15915.494141
993;-15911.000000;651.000000;15915.494141
994;-15918.000000;651.000000;15915.494141
995;-15917.000000;651.000000;15915.494141
996;-15910.000000;651.000000;15915.494141
997;-15915.000000;651.000000;15915.494141
998;-15915.000000;651.000000;15915.494141
999;-15909.000000;651.000000;15915.494141
1000;-15913.000000;651.000000;15915.494141
1001;-15912.000000;651.000000;15915.494141
1002;-15906.000000;651.000000;15915.494141
1003;-15914.000000;651.000000;15915.494141
1004;-15912.000000;651.000000;15915.494141
1005;-15907.000000;651.000000;15915.494141
1006;-15915.000000;651.000000;15915.494141
1007;-15914.000000;651.000000;15915.494141
1008;-15911.000000;651.000000;15915.494141
1009;-15917.000000;651.000000;15915.494141
1010;-15914.000000;651.000000;15915.494141
1011;-15911.000000;651.000000;15915.494141
1012;-15916.000000;651.000000;15915.494141
1013;-15912.000000;651.000000;15915.494141
1014;-15908.000000;651.000000;15915.494141
1015;-15912.000000;651.000000;15915.494141
1016;-15910.000000;651.000000;15915.494141
1017;-15909.000000;651.000000;15915.494141
1018;-15915.000000;651.000000;15915.494141
1019;-15912.000000;651.000000;15915.494141
1020;-15910.000000;651.000000;15915.494141
1021;-15914.000000;651.000000;15915.494141
1022;-15910.000000;651.000000;15915.494141
1023;-15911.000000;651.000000;15915.494141
1024;-15913.000000;651.000000;15915.494141
1025;-15910.000000;651.000000;15915.494141
1026;-15911.000000;651.000000;15915.494141
1027;-15913.000000;651.000000;15915.494141
1028;-15911.000000;651.000000;15915.494141
1029;-15912.000000;651.000000;15915.494141
1030;-15912.000000;651.000000;15915.494141
1031;-15912.000000;651.000000;15915.494141
1032;-15915.000000;651.000000;15915.494141
1033;-15912.000000;651.000000;15915.494141
1034;-15913.000000;651.000000;15915.494141
1035;-15914.000000;651.000000;15915.494141
1036;-15911.000000;651.000000;15915.494141
1037;-15914.000000;651.000000;15915.494141
1038;-15912.000000;651.000000;15915.494141
1039;-15911.000000;651.000000;15915.494141
1040;-15915.000000;651.000000;15915.494141
1041;-15913.000000;651.000000;15915.494141
1042;-15914.000000;651.000000;15915.494141
1043;-15916.000000;651.000000;15915.494141
1044;-15912.000000;651.000000;15915.494141
1045;-15913.000000;651.000000;15915.494141
1046;-15917.000000;651.000000;15915.494141
1047;-15911.000000;651.000000;15915.494141
1048;-15914.000000;651.000000;15915.494141
1049;-15919.000000;651.000000;15915.494141
1050;-15914.000000;651.000000;15915.494141
1051;-15919.000000;651.000000;15915.494141
1052;-15924.000000;651.000000;15915.494141
1053;-15918.000000;651.000000;15915.494141
1054;-15922.000000;651.000000;15915.494141
1055;-15925.000000;651.000000;15915.494141
1056;-15919.000000;651.000000;15915.494141
1057;-15923.000000;651.000000;15915.494141
1058;-15927.000000;652.000000;15915.494141
1059;-15915.000000;652.000000;15915.494141
1060;-15917.000000;652.000000;15915.494141
1061;-15919.000000;652.000000;15915.494141
1062;-15909.000000;652.000000;15915.494141
1063;-15915.000000;652.000000;15915.494141
1064;-15917.000000;652.000000;15915.494141
1065;-15910.000000;652.000000;15915.494141
1066;-15922.000000;651.000000;15915.494141
1067;-15926.000000;652.000000;15915.494141
1068;-15920.000000;652.000000;15915.494141
1069;-15925.000000;652.000000;15915.494141
1070;-15922.000000;652.000000;15915.494141
1071;-15916.000000;652.000000;15915.494141
1072;-15919.000000;652.000000;15915.494141
1073;-15919.000000;652.000000;15915.494141
1074;-15910.000000;652.000000;15915.494141
1075;-15913.000000;652.000000;15915.494141
1076;-15916.000000;652.000000;15915.494141
1077;-15911.000000;652.000000;15915.494141
1078;-15919.000000;651.000000;15915.494141
1079;-15921.000000;651.000000;15915.494141
1080;-15919.000000;651.000000;15915.494141
1081;-15922.000000;651.000000;15915.494141
1082;-15923.000000;651.000000;15915.494141
1083;-15916.000000;651.000000;15915.494141
1084;-15921.000000;651.000000;15915.494141
1085;-15921.000000;651.000000;15915.494141
1086;-15912.000000;651.000000;15915.494141
1087;-15917.000000;651.000000;15915.494141
1088;-15915.000000;651.000000;15915.494141
1089;-15910.000000;651.000000;15915.494141
1090;-15917.000000;651.000000;15915.494141
1091;-15916.000000;651.000000;15915.494141
1092;-15912.000000;651.000000;15915.494141
1093;-15918.000000;651.000000;15915.494141
1094;-15918.000000;651.000000;15915.494141
1095;-15913.000000;651.000000;15915.494141
1096;-15918.000000;651.000000;15915.494141
1097;-15915.000000;651.000000;15915.494141
1098;-15912.000000;651.000000;15915.494141
1099;-15920.000000;651.000000;15915.494141
1100;-15917.000000;651.000000;15915.494141
1101;-15913.000000;651.000000;15915.494141
1102;-15920.000000;651.000000;15915.494141
1103;-15918.000000;651.000000;15915.494141
1104;-15913.000000;651.000000;15915.494141
1105;-15920.000000;651.000000;15915.494141
1106;-15915.000000;651.000000;15915.494141
1107;-15913.000000;651.000000;15915.494141
1108;-15920.000000;651.000000;15915.494141
1109;-15917.000000;651.000000;15915.494141
1110;-15916.000000;651.000000;15915.494141
1111;-15921.000000;651.000000;15915.494141
1112;-15919.000000;651.000000;15915.494141
1113;-15917.000000;651.000000;15915.494141
1114;-15922.000000;651.000000;15915.494141
1115;-15918.000000;651.000000;15915.494141
1116;-15916.000000;651.000000;15915.494141
1117;-15922.000000;651.000000;15915.494141
1118;-15917.000000;651.000000;15915.494141
1119;-15917.000000;651.000000;15915.494141
1120;-15921.000000;651.000000;15915.494141
1121;-15915.000000;651.000000;15915.494141
1122;-15917.000000;651.000000;15915.494141
1123;-15920.000000;651.000000;15915.494141
1124;-15916.000000;651.000000;15915.494141
1125;-15919.000000;651.000000;15915.494141
1126;-15919.000000;651.000000;15915.494141
1127;-15914.000000;651.000000;15915.494141
1128;-15918.000000;651.000000;15915.494141
1129;-15917.000000;651.000000;15915.494141
1130;-15913.000000;651.000000;15915.494141
1131;-15918.000000;651.000000;15915.494141
1132;-15918.000000;651.000000;15915.494141
1133;-15915.000000;651.000000;15915.494141
1134;-15920.000000;651.000000;15915.494141
1135;-15920.000000;651.000000;15915.494141
1136;-15915.000000;651.000000;15915.494141
1137;-15920.000000;651.000000;15915.494141
1138;-15919.000000;651.000000;15915.494141
1139;-15913.000000;651.000000;15915.494141
1140;-15917.000000;651.000000;15915.494141
1141;-15915.000000;651.000000;15915.494141
1142;-15912.000000;651.000000;15915.494141
1143;-15918.000000;651.000000;15915.494141
1144;-15917.000000;651.000000;15915.494141
1145;-15913.000000;651.000000;15915.494141
1146;-15916.000000;651.000000;15915.494141
1147;-15915.000000;651.000000;15915.494141
1148;-15912.000000;651.000000;15915.494141
1149;-15915.000000;651.000000;15915.494141
1150;-15914.000000;651.000000;15915.494141
1151;-15911.000000;651.000000;15915.494141
1152;-15915.000000;651.000000;15915.494141
1153;-15916.000000;651.000000;15915.494141
1154;-15912.000000;651.000000;15915.494141
1155;-15915.000000;651.000000;15915.494141
1156;-15914.000000;651.000000;15915.494141
1157;-15911.000000;651.000000;15915.494141
1158;-15916.000000;651.000000;15915.494141
1159;-15915.000000;651.000000;15915.494141
1160;-15911.000000;651.000000;15915.494141
1161;-15915.000000;651.000000;15915.494141
1162;-15913.000000;651.000000;15915.494141
1163;-15911.000000;651.000000;15915.494141
1164;-15916.000000;651.000000;15915.494141
1165;-15914.000000;651.000000;15915.494141
1166;-15912.000000;651.000000;15915.494141
1167;-15917.000000;651.000000;15915.494141
1168;-15916.000000;651.000000;15915.494141
1169;-15912.000000;651.000000;15915.494141
1170;-15914.000000;651.000000;15915.494141
1171;-15913.000000;651.000000;15915.494141
1172;-15911.000000;651.000000;15915.494141
1173;-15915.000000;651.000000;15915.494141
1174;-15913.000000;651.000000;15915.494141
1175;-15910.000000;651.000000;15915.494141
1176;-15914.000000;651.000000;15915.494141
1177;-15914.000000;651.000000;15915.494141
1178;-15910.000000;651.000000;15915.494141
1179;-15913.000000;651.000000;15915.494141
1180;-15911.000000;651.000000;15915.494141
1181;-15909.000000;651.000000;15915.494141
1182;-15914.000000;651.000000;15915.494141
1183;-15913.000000;651.000000;15915.494141
1184;-15910.000000;651.000000;15915.494141
1185;-15913.000000;651.000000;15915.494141
1186;-15914.000000;651.000000;15915.494141
1187;-15910.000000;651.000000;15915.494141
1188;-15913.000000;651.000000;15915.494141
1189;-15913.000000;651.000000;15915.494141
1190;-15908.000000;651.000000;15915.494141
1191;-15914.000000;651.000000;15915.494141
1192;-15915.000000;651.000000;15915.494141
1193;-15908.000000;651.000000;15915.494141
1194;-15914.000000;651.000000;15915.494141
1195;-15916.000000;651.000000;15915.494141
1196;-15909.000000;651.000000;15915.494141
1197;-15916.000000;651.000000;15915.494141
1198;-15920.000000;651.000000;15915.494141
1199;-15912.000000;651.000000;15915.494141
1200;-15917.000000;651.000000;15915.494141
1201;-15920.000000;651.000000;15915.494141
1202;-15910.000000;651.000000;15915.494141
1203;-15914.000000;651.000000;15915.494141
1204;-15920.000000;651.000000;15915.494141
1205;-15912.000000;651.000000;15915.494141
1206;-15917.000000;651.000000;15915.494141
1207;-15923.000000;651.000000;15915.494141
1208;-15914.000000;651.000000;15915.494141
1209;-15917.000000;651.000000;15915.494141
1210;-15921.000000;651.000000;15915.494141
1211;-15913.000000;651.000000;15915.494141
1212;-15917.000000;651.000000;15915.494141
1213;-15921.000000;651.000000;15915.494141
1214;-15915.000000;651.000000;15915.494141
1215;-15917.000000;651.000000;15915.494141
1216;-15919.000000;651.000000;15915.494141
1217;-15910.000000;651.000000;15915.494141
1218;-15914.000000;651.000000;15915.494141
1219;-15917.000000;651.000000;15915.494141
1220;-15911.000000;651.000000;15915.494141
1221;-15916.000000;651.000000;15915.494141
1222;-15917.000000;651.000000;15915.494141
1223;-15910.000000;651.000000;15915.494141
1224;-15917.000000;651.000000;15915.494141
1225;-15918.000000;651.000000;15915.494141
1226;-15911.000000;651.000000;15915.494141
1227;-15918.000000;651.000000;15915.494141
1228;-15918.000000;651.000000;15915.494141
1229;-15915.000000;651.000000;15915.494141
1230;-15922.000000;651.000000;15915.494141
1231;-15919.000000;651.000000;15915.494141
1232;-15914.000000;651.000000;15915.494141
1233;-15918.000000;651.000000;15915.494141
1234;-15917.000000;651.000000;15915.494141
1235;-15913.000000;651.000000;15915.494141
1236;-15919.000000;651.000000;15915.494141
1237;-15916.000000;651.000000;15915.494141
1238;-15912.000000;651.000000;15915.494141
1239;-15920.000000;651.000000;15915.494141
1240;-15919.000000;651.000000;15915.494141
1241;-15918.000000;651.000000;15915.494141
1242;-15923.000000;651.000000;15915.494141
1243;-15920.000000;651.000000;15915.494141
1244;-15917.000000;651.000000;15915.494141
1245;-15923.000000;651.000000;15915.494141
1246;-15919.000000;651.000000;15915.494141
1247;-15915.000000;651.000000;15915.494141
1248;-15920.000000;651.000000;15915.494141
1249;-15916.000000;651.000000;15915.494141
1250;-15915.000000;651.000000;15915.494141
1251;-15920.000000;651.000000;15915.494141
1252;-15915.000000;651.000000;15915.494141
1253;-15912.000000;651.000000;15915.494141
1254;-15919.000000;651.000000;15915.494141
1255;-15916.000000;651.000000;15915.494141
1256;-15915.000000;651.000000;15915.494141
1257;-15922.000000;651.000000;15915.494141
1258;-15919.000000;651.000000;15915.494141
1259;-15919.000000;651.000000;15915.494141
1260;-15922.000000;651.000000;15915.494141
1261;-15916.000000;651.000000;15915.494141
1262;-15915.000000;651.000000;15915.494141
1263;-15917.000000;651.000000;15915.494141
1264;-15913.000000;651.000000;15915.494141
1265;-15915.000000;651.000000;15915.494141
1266;-15918.000000;651.000000;15915.494141
1267;-15916.000000;651.000000;15915.494141
1268;-15918.000000;651.000000;15915.494141
1269;-15919.000000;651.000000;15915.494141
1270;-15916.000000;651.000000;15915.494141
1271;-15918.000000;651.000000;15915.494141
1272;-15918.000000;651.000000;15915.494141
1273;-15916.000000;651.000000;15915.494141
1274;-15918.000000;651.000000;15915.494141
1275;-15918.000000;651.000000;15915.494141
1276;-15916.000000;651.000000;15915.494141
1277;-15917.000000;651.000000;15915.494141
1278;-15916.000000;651.000000;15915.494141
1279;-15913.000000;651.000000;15915.494141
1280;-15916.000000;651.000000;15915.494141
1281;-15917.000000;651.000000;15915.494141
1282;-15915.000000;651.000000;15915.494141
1283;-15918.000000;651.000000;15915.494141
1284;-15915.000000;651.000000;15915.494141
1285;-15915.000000;651.000000;15915.494141
1286;-15915.000000;651.000000;15915.494141
1287;-15913.000000;651.000000;15915.494141
1288;-15915.000000;651.000000;15915.494141
1289;-15914.000000;651.000000;15915.494141
1290;-15915.000000;651.000000;15915.494141
1291;-15916.000000;651.000000;15915.494141
1292;-15914.000000;651.000000;15915.494141
1293;-15915.000000;651.000000;15915.494141
1294;-15915.000000;651.000000;15915.494141
1295;-15912.000000;651.000000;15915.494141
1296;-15916.000000;651.000000;15915.494141
1297;-15916.000000;651.000000;15915.494141
1298;-15912.000000;651.000000;15915.494141
1299;-15917.000000;651.000000;15915.494141
1300;-15916.000000;651.000000;15915.494141
1301;-15910.000000;651.000000;15915.494141
1302;-15915.000000;651.000000;15915.494141
1303;-15913.000000;651.000000;15915.494141
1304;-15908.000000;651.000000;15915.494141
1305;-15915.000000;651.000000;15915.494141
1306;-15913.000000;651.000000;15915.494141
1307;-15909.000000;651.000000;15915.494141
1308;-15916.000000;651.000000;15915.494141
1309;-15915.000000;651.000000;15915.494141
1310;-15911.000000;651.000000;15915.494141
1311;-15919.000000;651.000000;15915.494141
1312;-15915.000000;651.000000;15915.494141
1313;-15911.000000;651.000000;15915.494141
1314;-15917.000000;651.000000;15915.494141
1315;-15911.000000;651.000000;15915.494141
1316;-15908.000000;651.000000;15915.494141
1317;-15914.000000;651.000000;15915.494141
1318;-15910.000000;651.000000;15915.494141
1319;-15908.000000;651.000000;15915.494141
1320;-15917.000000;651.000000;15915.494141
1321;-15915.000000;651.000000;15915.494141
1322;-15914.000000;651.000000;15915.494141
1323;-15921.000000;651.000000;15915.494141
1324;-15917.000000;651.000000;15915.494141
1325;-15913.000000;651.000000;15915.494141
1326;-15920.000000;651.000000;15915.494141
1327;-15916.000000;651.000000;15915.494141
1328;-15913.000000;651.000000;15915.494141
1329;-15920.000000;651.000000;15915.494141
1330;-15914.000000;651.000000;15915.494141
1331;-15913.000000;651.000000;15915.494141
1332;-15920.000000;651.000000;15915.494141
1333;-15914.000000;651.000000;15915.494141
1334;-15912.000000;651.000000;15915.494141
1335;-15918.000000;651.000000;15915.494141
1336;-15914.000000;651.000000;15915.494141
1337;-15914.000000;651.000000;15915.494141
1338;-15921.000000;651.000000;15915.494141
1339;-15914.000000;651.000000;15915.494141
1340;-15916.000000;651.000000;15915.494141
1341;-15923.000000;651.000000;15915.494141
1342;-15916.000000;651.000000;15915.494141
1343;-15918.000000;651.000000;15915.494141
1344;-15921.000000;651.000000;15915.494141
1345;-15912.000000;651.000000;15915.494141
1346;-15915.000000;651.000000;15915.494141
1347;-15919.000000;651.000000;15915.494141
1348;-15912.000000;651.000000;15915.494141
1349;-15916.000000;651.000000;15915.494141
1350;-15920.000000;651.000000;15915.494141
1351;-15913.000000;651.000000;15915.494141
1352;-15917.000000;651.000000;15915.494141
1353;-15918.000000;651.000000;15915.494141
1354;-15911.000000;651.000000;15915.494141
1355;-15914.000000;651.000000;15915.494141
1356;-15917.000000;651.000000;15915.494141
1357;-15910.000000;651.000000;15915.494141
1358;-15915.000000;651.000000;15915.494141
1359;-15919.000000;651.000000;15915.494141
1360;-15911.000000;651.000000;15915.494141
1361;-15917.000000;651.000000;15915.494141
1362;-15920.000000;651.000000;15915.494141
1363;-15912.000000;651.000000;15915.494141
1364;-15918.000000;651.000000;15915.494141
1365;-15921.000000;651.000000;15915.494141
1366;-15914.000000;651.000000;15915.494141
1367;-15918.000000;651.000000;15915.494141
1368;-15921.000000;651.000000;15915.494141
1369;-15913.000000;651.000000;15915.494141
1370;-15917.000000;651.000000;15915.494141
1371;-15921.000000;651.000000;15915.494141
1372;-15913.000000;651.000000;15915.494141
1373;-15918.000000;651.000000;15915.494141
1374;-15922.000000;651.000000;15915.494141
1375;-15914.000000;651.000000;15915.494141
1376;-15921.000000;651.000000;15915.494141
1377;-15922.000000;651.000000;15915.494141
1378;-15913.000000;651.000000;15915.494141
1379;-15918.000000;651.000000;15915.494141
1380;-15921.000000;651.000000;15915.494141
1381;-15914.000000;651.000000;15915.494141
1382;-15918.000000;651.000000;15915.494141
1383;-15921.000000;651.000000;15915.494141
1384;-15914.000000;651.000000;15915.494141
1385;-15918.000000;651.000000;15915.494141
1386;-15921.000000;651.000000;15915.494141
1387;-15914.000000;651.000000;15915.494141
1388;-15917.000000;651.000000;15915.494141
1389;-15919.000000;651.000000;15915.494141
1390;-15912.000000;651.000000;15915.494141
1391;-15916.000000;651.000000;15915.494141
1392;-15916.000000;651.000000;15915.494141
1393;-15910.000000;651.000000;15915.494141
1394;-15915.000000;651.000000;15915.494141
1395;-15914.000000;651.000000;15915.494141
1396;-15911.000000;651.000000;15915.494141
1397;-15915.000000;651.000000;15915.494141
1398;-15914.000000;651.000000;15915.494141
1399;-15911.000000;651.000000;15915.494141
1400;-15916.000000;651.000000;15915.494141
1401;-15918.000000;651.000000;15915.494141
1402;-15912.000000;651.000000;15915.494141
1403;-15917.000000;651.000000;15915.494141
1404;-15916.000000;651.000000;15915.494141
1405;-15910.000000;651.000000;15915.494141
1406;-15914.000000;651.000000;15915.494141
1407;-15912.000000;651.000000;15915.494141
1408;-15908.000000;651.000000;15915.494141
1409;-15914.000000;651.000000;15915.494141
1410;-15912.000000;651.000000;15915.494141
1411;-15908.000000;651.000000;15915.494141
1412;-15913.000000;651.000000;15915.494141
1413;-15911.000000;651.000000;15915.494141
1414;-15910.000000;651.000000;15915.494141
1415;-15915.000000;651.000000;15915.494141
1416;-15912.000000;651.000000;15915.494141
1417;-15912.000000;651.000000;15915.494141
1418;-15916.000000;651.000000;15915.494141
1419;-15913.000000;651.000000;15915.494141
1420;-15912.000000;651.000000;15915.494141
1421;-15917.000000;651.000000;15915.494141
1422;-15913.000000;651.000000;15915.494141
1423;-15913.000000;651.000000;15915.494141
1424;-15917.000000;651.000000;15915.494141
1425;-15911.000000;651.000000;15915.494141
1426;-15911.000000;651.000000;15915.494141
1427;-15915.000000;651.000000;15915.494141
1428;-15912.000000;651.000000;15915.494141
1429;-15912.000000;651.000000;15915.494141
1430;-15915.000000;651.000000;15915.494141
1431;-15912.000000;651.000000;15915.494141
1432;-15913.000000;651.000000;15915.494141
1433;-15914.000000;651.000000;15915.494141
1434;-15910.000000;651.000000;15915.494141
1435;-15910.000000;651.000000;15915.494141
1436;-15914.000000;651.000000;15915.494141
1437;-15912.000000;651.000000;15915.494141
1438;-15911.000000;651.000000;15915.494141
1439;-15915.000000;651.000000;15915.494141
1440;-15910.000000;651.000000;15915.494141
1441;-15910.000000;651.000000;15915.494141
1442;-15918.000000;651.000000;15915.494141
1443;-15913.000000;651.000000;15915.494141
1444;-15911.000000;651.000000;15915.494141
1445;-15918.000000;651.000000;15915.494141
1446;-15913.000000;651.000000;15915.494141
1447;-15909.000000;651.000000;15915.494141
1448;-15916.000000;651.000000;15915.494141
1449;-15911.000000;651.000000;15915.494141
1450;-15908.000000;651.000000;15915.494141
1451;-15917.000000;651.000000;15915.494141
1452;-15915.000000;651.000000;15915.494141
1453;-15911.000000;651.000000;15915.494141
1454;-15918.000000;651.000000;15915.494141
1455;-15914.000000;651.000000;15915.494141
1456;-15910.000000;651.000000;15915.494141
1457;-15918.000000;651.000000;15915.494141
1458;-15914.000000;651.000000;15915.494141
1459;-15912.000000;651.000000;15915.494141
1460;-15918.000000;651.000000;15915.494141
1461;-15913.000000;651.000000;15915.494141
1462;-15911.000000;651.000000;15915.494141
1463;-15919.000000;651.000000;15915.494141
1464;-15914.000000;651.000000;15915.494141
1465;-15914.000000;651.000000;15915.494141
1466;-15922.000000;651.000000;15915.494141
1467;-15916.000000;651.000000;15915.494141
1468;-15916.000000;651.000000;15915.494141
1469;-15924.000000;651.000000;15915.494141
1470;-15920.000000;651.000000;15915.494141
1471;-15919.000000;651.000000;15915.494141
1472;-15925.000000;651.000000;15915.494141
1473;-15919.000000;651.000000;15915.494141
1474;-15918.000000;651.000000;15915.494141
1475;-15925.000000;651.000000;15915.494141
1476;-15918.000000;651.000000;15915.494141
1477;-15919.000000;651.000000;15915.494141
1478;-15923.000000;651.000000;15915.494141
1479;-15917.000000;651.000000;15915.494141
1480;-15918.000000;651.000000;15915.494141
1481;-15923.000000;651.000000;15915.494141
1482;-15916.000000;651.000000;15915.494141
1483;-15919.000000;651.000000;15915.494141
1484;-15923.000000;651.000000;15915.494141
1485;-15919.000000;651.000000;15915.494141
1486;-15923.000000;651.000000;15915.494141
1487;-15924.000000;651.000000;15915.494141
1488;-15918.000000;651.000000;15915.494141
1489;-15920.000000;651.000000;15915.494141
1490;-15921.000000;651.000000;15915.494141
1491;-15915.000000;651.000000;15915.494141
1492;-15917.000000;651.000000;15915.494141
1493;-15919.000000;651.000000;15915.494141
1494;-15913.000000;651.000000;15915.494141
1495;-15918.000000;651.000000;15915.494141
1496;-15920.000000;651.000000;15915.494141
1497;-15914.000000;651.000000;15915.494141
1498;-15919.000000;651.000000;15915.494141
1499;-15920.000000;651.000000;15915.494141
1500;-15914.000000;651.000000;15915.494141
1501;-15920.000000;651.000000;15915.494141
1502;-15921.000000;651.000000;15915.494141
1503;-15915.000000;651.000000;15915.494141
1504;-15921.000000;651.000000;15915.494141
1505;-15920.000000;651.000000;15915.494141
1506;-15913.000000;651.000000;15915.494141
1507;-15918.000000;651.000000;15915.494141
1508;-15917.000000;651.000000;15915.494141
1509;-15912.000000;651.000000;15915.494141
1510;-15916.000000;651.000000;15915.494141
1511;-15916.000000;651.000000;15915.494141
1512;-15910.000000;651.000000;15915.494141
1513;-15917.000000;651.000000;15915.494141
1514;-15917.000000;651.000000;15915.494141
1515;-15913.000000;651.000000;15915.494141
1516;-15918.000000;651.000000;15915.494141
1517;-15918.000000;651.000000;15915.494141
1518;-15914.000000;651.000000;15915.494141
1519;-15919.000000;651.000000;15915.494141
1520;-15918.000000;651.000000;15915.494141
1521;-15911.000000;651.000000;15915.494141
1522;-15917.000000;651.000000;15915.494141
1523;-15917.000000;651.000000;15915.494141
1524;-15914.000000;651.000000;15915.494141
1525;-15919.000000;651.000000;15915.494141
1526;-15918.000000;651.000000;15915.494141
1527;-15913.000000;651.000000;15915.494141
1528;-15916.000000;651.000000;15915.494141
1529;-15916.000000;651.000000;15915.494141
1530;-15912.000000;651.000000;15915.494141
1531;-15916.000000;651.000000;15915.494141
1532;-15916.000000;651.000000;15915.494141
1533;-15912.000000;651.000000;15915.494141
1534;-15917.000000;651.000000;15915.494141
1535;-15917.000000;651.000000;15915.494141
1536;-15914.000000;651.000000;15915.494141
1537;-15917.000000;651.000000;15915.494141
1538;-15918.000000;651.000000;15915.494141
1539;-15912.000000;651.000000;15915.494141
1540;-15915.000000;651.000000;15915.494141
1541;-15917.000000;651.000000;15915.494141
1542;-15908.000000;651.000000;15915.494141
1543;-15913.000000;651.000000;15915.494141
1544;-15916.000000;651.000000;15915.494141
1545;-15907.000000;651.000000;15915.494141
1546;-15914.000000;651.000000;15915.494141
1547;-15916.000000;651.000000;15915.494141
1548;-15908.000000;651.000000;15915.494141
1549;-15915.000000;651.000000;15915.494141
1550;-15919.000000;651.000000;15915.494141
1551;-15911.000000;651.000000;15915.494141
1552;-15917.000000;651.000000;15915.494141
1553;-15921.000000;651.000000;15915.494141
1554;-15913.000000;651.000000;15915.494141
1555;-15916.000000;651.000000;15915.494141
1556;-15920.000000;651.000000;15915.494141
1557;-15911.000000;651.000000;15915.494141
1558;-15914.000000;651.000000;15915.494141
1559;-15920.000000;651.000000;15915.494141
1560;-15912.000000;651.000000;15915.494141
1561;-15915.000000;651.000000;15915.494141
1562;-15920.000000;651.000000;15915.494141
1563;-15910.000000;651.000000;15915.494141
1564;-15915.000000;651.000000;15915.494141
1565;-15920.000000;651.000000;15915.494141
1566;-15911.000000;651.000000;15915.494141
1567;-15916.000000;651.000000;15915.494141
1568;-15920.000000;651.000000;15915.494141
1569;-15910.000000;651.000000;15915.494141
1570;-15916.000000;651.000000;15915.494141
1571;-15920.000000;651.000000;15915.494141
1572;-15910.000000;651.000000;15915.494141
1573;-15915.000000;651.000000;15915.494141
1574;-15919.000000;651.000000;15915.494141
1575;-15911.000000;651.000000;15915.494141
1576;-15915.000000;651.000000;15915.494141
1577;-15920.000000;651.000000;15915.494141
1578;-15909.000000;651.000000;15915.494141
1579;-15915.000000;651.000000;15915.494141
1580;-15920.000000;651.000000;15915.494141
1581;-15911.000000;651.000000;15915.494141
1582;-15917.000000;651.000000;15915.494141
1583;-15921.000000;651.000000;15915.494141
1584;-15912.000000;651.000000;15915.494141
1585;-15919.000000;651.000000;15915.494141
1586;-15922.000000;651.000000;15915.494141
1587;-15913.000000;651.000000;15915.494141
1588;-15917.000000;651.000000;15915.494141
1589;-15919.000000;651.000000;15915.494141
1590;-15911.000000;651.000000;15915.494141
1591;-15917.000000;651.000000;15915.494141
1592;-15920.000000;651.000000;15915.494141
1593;-15912.000000;651.000000;15915.494141
1594;-15918.000000;651.000000;15915.494141
1595;-15923.000000;651.000000;15915.494141
1596;-15915.000000;651.000000;15915.494141
1597;-15921.000000;651.000000;15915.494141
1598;-15923.000000;651.000000;15915.494141
1599;-15914.000000;651.000000;15915.494141
1600;-15920.000000;651.000000;15915.494141
1601;-15922.000000;651.000000;15915.494141
1602;-15914.000000;651.000000;15915.494141
1603;-15918.000000;651.000000;15915.494141
1604;-15920.000000;651.000000;15915.494141
1605;-15913.000000;651.000000;15915.494141
1606;-15916.000000;651.000000;15915.494141
1607;-15918.000000;651.000000;15915.494141
1608;-15911.000000;651.000000;15915.494141
1609;-15915.000000;651.000000;15915.494141
1610;-15916.000000;651.000000;15915.494141
1611;-15910.000000;651.000000;15915.494141
1612;-15916.000000;651.000000;15915.494141
1613;-15913.000000;651.000000;15915.494141
1614;-15911.000000;651.000000;15915.494141
1615;-15916.000000;651.000000;15915.494141
1616;-15913.000000;651.000000;15915.494141
1617;-15914.000000;651.000000;15915.494141
1618;-15917.000000;651.000000;15915.494141
1619;-15912.000000;651.000000;15915.494141
1620;-15913.000000;651.000000;15915.494141
1621;-15915.000000;651.000000;15915.494141
1622;-15909.000000;651.000000;15915.494141
1623;-15913.000000;651.000000;15915.494141
1624;-15914.000000;651.000000;15915.494141
1625;-15910.000000;651.000000;15915.494141
1626;-15915.000000;651.000000;15915.494141
1627;-15915.000000;651.000000;15915.494141
1628;-15909.000000;651.000000;15915.494141
1629;-15914.000000;651.000000;15915.494141
1630;-15915.000000;651.000000;15915.494141
1631;-15909.000000;651.000000;15915.494141
1632;-15915.000000;651.000000;15915.494141
1633;-15914.000000;651.000000;15915.494141
1634;-15909.000000;651.000000;15915.494141
1635;-15915.000000;651.000000;15915.494141
1636;-15912.000000;651.000000;15915.494141
1637;-15909.000000;651.000000;15915.494141
1638;-15915.000000;651.000000;15915.494141
1639;-15912.000000;651.000000;15915.494141
1640;-15912.000000;651.000000;15915.494141
1641;-15914.000000;651.000000;15915.494141
1642;-15909.000000;651.000000;15915.494141
1643;-15912.000000;651.000000;15915.494141
1644;-15915.000000;651.000000;15915.494141
1645;-15912.000000;651.000000;15915.494141
1646;-15916.000000;651.000000;15915.494141
1647;-15914.000000;651.000000;15915.494141
1648;-15912.000000;651.000000;15915.494141
1649;-15918.000000;651.000000;15915.494141
1650;-15914.000000;651.000000;15915.494141
1651;-15914.000000;651.000000;15915.494141
1652;-15919.000000;651.000000;15915.494141
1653;-15915.000000;651.000000;15915.494141
1654;-15916.000000;651.000000;15915.494141
1655;-15920.000000;651.000000;15915.494141
1656;-15913.000000;651.000000;15915.494141
1657;-15918.000000;651.000000;15915.494141
1658;-15923.000000;651.000000;15915.494141
1659;-15916.000000;651.000000;15915.494141
1660;-15921.000000;651.000000;15915.494141
1661;-15922.000000;651.000000;15915.494141
1662;-15915.000000;651.000000;15915.494141
1663;-15921.000000;651.000000;15915.494141
1664;-15922.000000;651.000000;15915.494141
1665;-15915.000000;651.000000;15915.494141
1666;-15921.000000;651.000000;15915.494141
1667;-15922.000000;651.000000;15915.494141
1668;-15915.000000;651.000000;15915.494141
1669;-15920.000000;651.000000;15915.494141
1670;-15919.000000;651.000000;15915.494141
1671;-15913.000000;651.000000;15915.494141
1672;-15919.000000;651.000000;15915.494141
1673;-15919.000000;651.000000;15915.494141
1674;-15914.000000;651.000000;15915.494141
1675;-15919.000000;651.000000;15915.494141
1676;-15919.000000;651.000000;15915.494141
1677;-15913.000000;651.000000;15915.494141
1678;-15921.000000;651.000000;15915.494141
1679;-15919.000000;651.000000;15915.494141
1680;-15915.000000;651.000000;15915.494141
1681;-15922.000000;651.000000;15915.494141
1682;-15918.000000;651.000000;15915.494141
1683;-15915.000000;651.000000;15915.494141
1684;-15921.000000;651.000000;15915.494141
1685;-15918.000000;651.000000;15915.494141
1686;-15917.000000;651.000000;15915.494141
1687;-15923.000000;651.000000;15915.494141
1688;-15916.000000;651.000000;15915.494141
1689;-15916.000000;651.000000;15915.494141
1690;-15921.000000;651.000000;15915.494141
1691;-15913.000000;651.000000;15915.494141
1692;-15915.000000;651.000000;15915.494141
1693;-15920.000000;651.000000;15915.494141
1694;-15914.000000;651.000000;15915.494141
1695;-15917.000000;651.000000;15915.494141
1696;-15921.000000;651.000000;15915.494141
1697;-15911.000000;651.000000;15915.494141
1698;-15915.000000;651.000000;15915.494141
1699;-15919.000000;651.000000;15915.494141
1700;-15911.000000;651.000000;15915.494141
1701;-15916.000000;651.000000;15915.494141
1702;-15918.000000;651.000000;15915.494141
1703;-15911.000000;651.000000;15915.494141
1704;-15915.000000;651.000000;15915.494141
1705;-15919.000000;651.000000;15915.494141
1706;-15912.000000;651.000000;15915.494141
1707;-15915.000000;651.000000;15915.494141
1708;-15919.000000;651.000000;15915.494141
1709;-15911.000000;651.000000;15915.494141
1710;-15917.000000;651.000000;15915.494141
1711;-15920.000000;651.000000;15915.494141
1712;-15913.000000;651.000000;15915.494141
1713;-15918.000000;651.000000;15915.494141
1714;-15919.000000;651.000000;15915.494141
1715;-15910.000000;651.000000;15915.494141
1716;-15917.000000;651.000000;15915.494141
1717;-15918.000000;651.000000;15915.494141
1718;-15908.000000;651.000000;15915.494141
1719;-15915.000000;651.000000;15915.494141
1720;-15916.000000;651.000000;15915.494141
1721;-15908.000000;651.000000;15915.494141
1722;-15916.000000;651.000000;15915.494141
1723;-15918.000000;651.000000;15915.494141
1724;-15911.000000;651.000000;15915.494141
1725;-15918.000000;651.000000;15915.494141
1726;-15920.000000;651.000000;15915.494141
1727;-15910.000000;651.000000;15915.494141
1728;-15915.000000;651.000000;15915.494141
1729;-15917.000000;651.000000;15915.494141
1730;-15906.000000;651.000000;15915.494141
1731;-15913.000000;651.000000;15915.494141
1732;-15917.000000;651.000000;15915.494141
1733;-15908.000000;651.000000;15915.494141
1734;-15916.000000;651.000000;15915.494141
1735;-15920.000000;651.000000;15915.494141
1736;-15911.000000;651.000000;15915.494141
1737;-15917.000000;651.000000;15915.494141
1738;-15922.000000;651.000000;15915.494141
1739;-15913.000000;651.000000;15915.494141
1740;-15918.000000;651.000000;15915.494141
1741;-15921.000000;651.000000;15915.494141
1742;-15910.000000;651.000000;15915.494141
1743;-15915.000000;651.000000;15915.494141
1744;-15918.000000;651.000000;15915.494141
1745;-15910.000000;651.000000;15915.494141
1746;-15915.000000;651.000000;15915.494141
1747;-15920.000000;651.000000;15915.494141
1748;-15912.000000;651.000000;15915.494141
1749;-15918.000000;651.000000;15915.494141
1750;-15921.000000;651.000000;15915.494141
1751;-15913.000000;651.000000;15915.494141
1752;-15917.000000;651.000000;15915.494141
1753;-15921.000000;651.000000;15915.494141
1754;-15915.000000;651.000000;15915.494141
1755;-15918.000000;651.000000;15915.494141
1756;-15920.000000;651.000000;15915.494141
1757;-15913.000000;651.000000;15915.494141
1758;-15917.000000;651.000000;15915.494141
1759;-15918.000000;651.000000;15915.494141
1760;-15912.000000;651.000000;15915.494141
1761;-15916.000000;651.000000;15915.494141
1762;-15917.000000;651.000000;15915.494141
1763;-15912.000000;651.000000;15915.494141
1764;-15917.000000;651.000000;15915.494141
1765;-15915.000000;651.000000;15915.494141
1766;-15912.000000;651.000000;15915.494141
1767;-15918.000000;651.000000;15915.494141
1768;-15917.000000;651.000000;15915.494141
1769;-15913.000000;651.000000;15915.494141
1770;-15916.000000;651.000000;15915.494141
1771;-15916.000000;651.000000;15915.494141
1772;-15912.000000;651.000000;15915.494141
1773;-15917.000000;651.000000;15915.494141
1774;-15916.000000;651.000000;15915.494141
1775;-15911.000000;651.000000;15915.494141
1776;-15916.000000;651.000000;15915.494141
1777;-15914.000000;651.000000;15915.494141
1778;-15908.000000;651.000000;15915.494141
1779;-15914.000000;651.000000;15915.494141
1780;-15912.000000;651.000000;15915.494141
1781;-15909.000000;651.000000;15915.494141
1782;-15917.000000;651.000000;15915.494141
1783;-15914.000000;651.000000;15915.494141
1784;-15910.000000;651.000000;15915.494141
1785;-15917.000000;651.000000;15915.494141
1786;-15914.000000;651.000000;15915.494141
1787;-15910.000000;651.000000;15915.494141
1788;-15918.000000;651.000000;15915.494141
1789;-15916.000000;651.000000;15915.494141
1790;-15911.000000;651.000000;15915.494141
1791;-15918.000000;651.000000;15915.494141
1792;-15913.000000;651.000000;15915.494141
1793;-15908.000000;651.000000;15915.494141
1794;-15915.000000;651.000000;15915.494141
1795;-15912.000000;651.000000;15915.494141
1796;-15909.000000;651.000000;15915.494141
1797;-15915.000000;651.000000;15915.494141
1798;-15915.000000;651.000000;15915.494141
1799;-15912.000000;651.000000;15915.494141
1800;-15917.000000;651.000000;15915.494141
1801;-15914.000000;651.000000;15915.494141
1802;-15911.000000;651.000000;15915.494141
1803;-15917.000000;651.000000;15915.494141
1804;-15915.000000;651.000000;15915.494141
1805;-15911.000000;651.000000;15915.494141
1806;-15918.000000;651.000000;15915.494141
1807;-15915.000000;651.000000;15915.494141
1808;-15910.000000;651.000000;15915.494141
1809;-15919.000000;651.000000;15915.494141
1810;-15915.000000;651.000000;15915.494141
1811;-15912.000000;651.000000;15915.494141
1812;-15921.000000;651.000000;15915.494141
1813;-15918.000000;651.000000;15915.494141
1814;-15915.000000;651.000000;15915.494141
1815;-15922.000000;651.000000;15915.494141
1816;-15917.000000;651.000000;15915.494141
1817;-15913.000000;651.000000;15915.494141
1818;-15920.000000;651.000000;15915.494141
1819;-15917.000000;651.000000;15915.494141
1820;-15914.000000;651.000000;15915.494141
1821;-15921.000000;651.000000;15915.494141
1822;-15918.000000;651.000000;15915.494141
1823;-15915.000000;651.000000;15915.494141
1824;-15921.000000;651.000000;15915.494141
1825;-15915.000000;651.000000;15915.494141
1826;-15913.000000;651.000000;15915.494141
1827;-15919.000000;651.000000;15915.494141
1828;-15915.000000;651.000000;15915.494141
1829;-15915.000000;651.000000;15915.494141
1830;-15921.000000;651.000000;15915.494141
1831;-15916.000000;651.000000;15915.494141
1832;-15917.000000;651.000000;15915.494141
1833;-15921.000000;651.000000;15915.494141
1834;-15914.000000;651.000000;15915.494141
1835;-15916.000000;651.000000;15915.494141
1836;-15918.000000;651.000000;15915.494141
1837;-15911.000000;651.000000;15915.494141
1838;-15915.000000;651.000000;15915.494141
1839;-15916.000000;651.000000;15915.494141
1840;-15910.000000;651.000000;15915.494141
1841;-15915.000000;651.000000;15915.494141
1842;-15916.000000;651.000000;15915.494141
1843;-15911.000000;651.000000;15915.494141
1844;-15916.000000;651.000000;15915.494141
1845;-15917.000000;651.000000;15915.494141
1846;-15912.000000;651.000000;15915.494141
1847;-15916.000000;651.000000;15915.494141
1848;-15916.000000;651.000000;15915.494141
1849;-15909.000000;651.000000;15915.494141
1850;-15914.000000;651.000000;15915.494141
1851;-15916.000000;651.000000;15915.494141
1852;-15909.000000;651.000000;15915.494141
1853;-15917.000000;651.000000;15915.494141
1854;-15919.000000;651.000000;15915.494141
1855;-15912.000000;651.000000;15915.494141
1856;-15919.000000;651.000000;15915.494141
1857;-15920.000000;651.000000;15915.494141
1858;-15912.000000;651.000000;15915.494141
1859;-15917.000000;651.000000;15915.494141
1860;-15917.000000;651.000000;15915.494141
1861;-15908.000000;651.000000;15915.494141
1862;-15914.000000;651.000000;15915.494141
1863;-15916.000000;651.000000;15915.494141
1864;-15909.000000;651.000000;15915.494141
1865;-15917.000000;651.000000;15915.494141
1866;-15920.000000;651.000000;15915.494141
1867;-15913.000000;651.000000;15915.494141
1868;-15920.000000;651.000000;15915.494141
1869;-15923.000000;651.000000;15915.494141
1870;-15914.000000;651.000000;15915.494141
1871;-15918.000000;651.000000;15915.494141
1872;-15922.000000;651.000000;15915.494141
1873;-15912.000000;651.000000;15915.494141
1874;-15917.000000;651.000000;15915.494141
1875;-15921.000000;651.000000;15915.494141
1876;-15914.000000;651.000000;15915.494141
1877;-15919.000000;651.000000;15915.494141
1878;-15922.000000;651.000000;15915.494141
1879;-15915.000000;651.000000;15915.494141
1880;-15917.000000;651.000000;15915.494141
1881;-15920.000000;651.000000;15915.494141
1882;-15914.000000;651.000000;15915.494141
1883;-15918.000000;651.000000;15915.494141
1884;-15920.000000;651.000000;15915.494141
1885;-15915.000000;651.000000;15915.494141
1886;-15920.000000;651.000000;15915.494141
1887;-15919.000000;651.000000;15915.494141
1888;-15915.000000;651.000000;15915.494141
1889;-15918.000000;651.000000;15915.494141
1890;-15918.000000;651.000000;15915.494141
1891;-15915.000000;651.000000;15915.494141
1892;-15918.000000;651.000000;15915.494141
1893;-15918.000000;651.000000;15915.494141
1894;-15913.000000;651.000000;15915.494141
1895;-15917.000000;651.000000;15915.494141
1896;-15916.000000;651.000000;15915.494141
1897;-15911.000000;651.000000;15915.494141
1898;-15917.000000;651.000000;15915.494141
1899;-15914.000000;651.000000;15915.494141
1900;-15911.000000;651.000000;15915.494141
1901;-15918.000000;651.000000;15915.494141
1902;-15916.000000;651.000000;15915.494141
1903;-15912.000000;651.000000;15915.494141
1904;-15917.000000;651.000000;15915.494141
1905;-15913.000000;651.000000;15915.494141
1906;-15911.000000;651.000000;15915.494141
1907;-15916.000000;651.000000;15915.494141
1908;-15913.000000;651.000000;15915.494141
1909;-15911.000000;651.000000;15915.494141
1910;-15916.000000;651.000000;15915.494141
1911;-15913.000000;651.000000;15915.494141
1912;-15911.000000;651.000000;15915.494141
1913;-15916.000000;651.000000;15915.494141
1914;-15913.000000;651.000000;15915.494141
1915;-15911.000000;651.000000;15915.494141
1916;-15918.000000;651.000000;15915.494141
1917;-15916.000000;651.000000;15915.494141
1918;-15911.000000;651.000000;15915.494141
1919;-15918.000000;651.000000;15915.494141
1920;-15914.000000;651.000000;15915.494141
1921;-15910.000000;651.000000;15915.494141
1922;-15917.000000;651.000000;15915.494141
1923;-15913.000000;651.000000;15915.494141
1924;-15910.000000;651.000000;15915.494141
1925;-15916.000000;651.000000;15915.494141
1926;-15914.000000;651.000000;15915.494141
1927;-15909.000000;651.000000;15915.494141
1928;-15915.000000;651.000000;15915.494141
1929;-15913.000000;651.000000;15915.494141
1930;-15911.000000;651.000000;15915.494141
1931;-15915.000000;651.000000;15915.494141
1932;-15912.000000;651.000000;15915.494141
1933;-15910.000000;651.000000;15915.494141
1934;-15917.000000;651.000000;15915.494141
1935;-15916.000000;651.000000;15915.494141
1936;-15913.000000;651.000000;15915.494141
1937;-15920.000000;651.000000;15915.494141
1938;-15916.000000;651.000000;15915.494141
1939;-15915.000000;651.000000;15915.494141
1940;-15920.000000;651.000000;15915.494141
1941;-15913.000000;651.000000;15915.494141
1942;-15911.000000;651.000000;15915.494141
1943;-15917.000000;651.000000;15915.494141
1944;-15914.000000;651.000000;15915.494141
1945;-15912.000000;651.000000;15915.494141
1946;-15918.000000;651.000000;15915.494141
1947;-15912.000000;651.000000;15915.494141
1948;-15913.000000;651.000000;15915.494141
1949;-15919.000000;651.000000;15915.494141
1950;-15913.000000;651.000000;15915.494141
1951;-15912.000000;651.000000;15915.494141
1952;-15919.000000;651.000000;15915.494141
1953;-15915.000000;651.000000;15915.494141
1954;-15914.000000;651.000000;15915.494141
1955;-15920.000000;651.000000;15915.494141
1956;-15915.000000;651.000000;15915.494141
1957;-15913.000000;651.000000;15915.494141
1958;-15921.000000;651.000000;15915.494141
1959;-15916.000000;651.000000;15915.494141
1960;-15914.000000;651.000000;15915.494141
1961;-15920.000000;651.000000;15915.494141
1962;-15916.000000;651.000000;15915.494141
1963;-15915.000000;651.000000;15915.494141
1964;-15921.000000;651.000000;15915.494141
1965;-15916.000000;651.000000;15915.494141
1966;-15915.000000;651.000000;15915.494141
1967;-15922.000000;651.000000;15915.494141
1968;-15916.000000;651.000000;15915.494141
1969;-15916.000000;651.000000;15915.494141
1970;-15922.000000;651.000000;15915.494141
1971;-15915.000000;651.000000;15915.494141
1972;-15915.000000;651.000000;15915.494141
1973;-15920.000000;651.000000;15915.494141
1974;-15914.000000;651.000000;15915.494141
1975;-15915.000000;651.000000;15915.494141
1976;-15922.000000;651.000000;15915.494141
1977;-15916.000000;651.000000;15915.494141
1978;-15918.000000;651.000000;15915.494141
1979;-15921.000000;651.000000;15915.494141
1980;-15913.000000;651.000000;15915.494141
1981;-15918.000000;651.000000;15915.494141
1982;-15921.000000;651.000000;15915.494141
1983;-15915.000000;651.000000;15915.494141
1984;-15920.000000;651.000000;15915.494141
1985;-15922.000000;651.000000;15915.494141
1986;-15916.000000;651.000000;15915.494141
1987;-15921.000000;651.000000;15915.494141
1988;-15920.000000;651.000000;15915.494141
1989;-15913.000000;651.000000;15915.494141
1990;-15918.000000;651.000000;15915.494141
1991;-15917.000000;651.000000;15915.494141
1992;-15913.000000;651.000000;15915.494141
1993;-15918.000000;651.000000;15915.494141
1994;-15917.000000;651.000000;15915.494141
1995;-15914.000000;651.000000;15915.494141
1996;-15917.000000;651.000000;15915.494141
1997;-15918.000000;651.000000;15915.494141
1998;-15912.000000;651.000000;15915.494141
1999;-15918.000000;651.000000;15915.494141
2000;-15918.000000;651.000000;15915.494141
2001;-15914.000000;651.000000;15915.494141
2002;-15919.000000;651.000000;15915.494141
2003;-15918.000000;651.000000;15915.494141
2004;-15914.000000;651.000000;15915.494141
2005;-15919.000000;651.000000;15915.494141
2006;-15918.000000;651.000000;15915.494141
2007;-15913.000000;651.000000;15915.494141
2008;-15918.000000;651.000000;15915.494141
2009;-15918.000000;651.000000;15915.494141
2010;-15913.000000;651.000000;15915.494141
2011;-15919.000000;651.000000;15915.494141
2012;-15918.000000;651.000000;15915.494141
2013;-15913.000000;651.000000;15915.494141
2014;-15918.000000;651.000000;15915.494141
2015;-15917.000000;651.000000;15915.494141
2016;-15914.000000;651.000000;15915.494141
2017;-15917.000000;651.000000;15915.494141
2018;-15916.000000;651.000000;15915.494141
2019;-15914.000000;651.000000;15915.494141
2020;-15919.000000;651.000000;15915.494141
2021;-15917.000000;651.000000;15915.494141
2022;-15915.000000;651.000000;15915.494141
2023;-15916.000000;651.000000;15915.494141
2024;-15913.000000;651.000000;15915.494141
2025;-15914.000000;651.000000;15915.494141
2026;-15916.000000;651.000000;15915.494141
2027;-15914.000000;651.000000;15915.494141
2028;-15916.000000;651.000000;15915.494141
2029;-15916.000000;651.000000;15915.494141
2030;-15914.000000;651.000000;15915.494141
2031;-15916.000000;651.000000;15915.494141
2032;-15914.000000;651.000000;15915.494141
2033;-15914.000000;651.000000;15915.494141
2034;-15916.000000;651.000000;15915.494141
2035;-15913.000000;651.000000;15915.494141
2036;-15915.000000;651.000000;15915.494141
2037;-15915.000000;651.000000;15915.494141
2038;-15911.000000;651.000000;15915.494141
2039;-15917.000000;651.000000;15915.494141
2040;-15916.000000;651.000000;15915.494141
2041;-15913.000000;651.000000;15915.494141
2042;-15918.000000;651.000000;15915.494141
2043;-15914.000000;651.000000;15915.494141
2044;-15910.000000;651.000000;15915.494141
2045;-15917.000000;651.000000;15915.494141
2046;-15911.000000;651.000000;15915.494141
2047;-15909.000000;651.000000;15915.494141
2048;-15918.000000;651.000000;15915.494141
2049;-15913.000000;651.000000;15915.494141
2050;-15911.000000;651.000000;15915.494141
2051;-15918.000000;651.000000;15915.494141
2052;-15910.000000;651.000000;15915.494141
2053;-15909.000000;651.000000;15915.494141
2054;-15917.000000;651.000000;15915.494141
2055;-15910.000000;651.000000;15915.494141
2056;-15912.000000;651.000000;15915.494141
2057;-15919.000000;651.000000;15915.494141
2058;-15911.000000;651.000000;15915.494141
2059;-15914.000000;651.000000;15915.494141
2060;-15919.000000;651.000000;15915.494141
2061;-15909.000000;651.000000;15915.494141
2062;-15913.000000;651.000000;15915.494141
2063;-15918.000000;651.000000;15915.494141
2064;-15910.000000;651.000000;15915.494141
2065;-15916.000000;651.000000;15915.494141
2066;-15921.000000;651.000000;15915.494141
